timestamp	ref	score
2026-08-12T16:19:36Z	55462165	821.4
2026-08-12T16:19:36Z	55459931	680.5
2026-08-12T16:19:36Z	55455639	601.6
2026-08-12T16:19:36Z	55439096	562.1
2026-08-12T16:19:36Z	55435622	644.8
2026-08-12T16:19:36Z	55435051	363.3
2026-08-12T16:39:38Z	55462165	839.0
2026-08-12T16:59:40Z	55462165	810.2
2026-08-12T17:19:42Z	55462165	799.8
2026-08-12T17:19:42Z	55459931	670.8
2026-08-12T17:39:44Z	55462165	768.8
2026-08-12T17:39:44Z	55459931	678.5
2026-08-12T17:59:47Z	55464390	693.2
2026-08-12T17:59:47Z	55462165	777.0
2026-08-12T18:19:49Z	55464390	721.8
2026-08-12T18:19:49Z	55462165	766.1
2026-08-12T18:39:51Z	55464390	837.0
2026-08-12T18:59:54Z	55464390	874.1
2026-08-12T18:59:54Z	55462165	757.7
2026-08-12T19:19:57Z	55464390	819.7
2026-08-12T19:33:44Z	55464390	776.1
2026-08-12T19:33:44Z	55462165	766.3
2026-08-12T19:33:44Z	55459931	678.5
2026-08-12T19:33:44Z	55455639	601.6
2026-08-12T19:33:44Z	55439096	562.1
2026-08-12T19:33:44Z	55435622	644.8
2026-08-12T19:40:03Z	55464390	793.9
2026-08-12T19:40:03Z	55462165	766.3
2026-08-12T19:53:48Z	55464390	805.1
2026-08-12T20:00:05Z	55464390	816.1
2026-08-12T20:00:05Z	55462165	755.2
2026-08-12T20:13:52Z	55464390	807.0
2026-08-12T20:13:52Z	55462165	755.2
2026-08-12T20:20:07Z	55464390	807.0
2026-08-12T20:33:55Z	55464390	815.2
2026-08-12T20:33:55Z	55462165	762.5
2026-08-12T20:40:11Z	55464390	815.2
2026-08-12T20:40:11Z	55462165	757.0
2026-08-12T20:53:57Z	55464390	821.8
2026-08-12T20:53:57Z	55462165	757.0
2026-08-12T21:00:13Z	55464390	821.8
2026-08-12T21:13:59Z	55464390	827.9
2026-08-12T21:20:16Z	55464390	841.6
2026-08-12T21:20:16Z	55462165	763.9
2026-08-12T21:34:02Z	55464390	841.6
2026-08-12T21:34:02Z	55462165	763.9
2026-08-12T21:54:04Z	55464390	849.5
2026-08-12T21:54:04Z	55462165	758.5
2026-08-12T22:00:20Z	55464390	849.5
2026-08-12T22:00:20Z	55462165	758.5
2026-08-12T22:20:23Z	55464390	842.1
2026-08-12T22:34:09Z	55464390	842.1
2026-08-12T22:54:11Z	55462165	758.9
2026-08-12T23:00:28Z	55462165	758.9
2026-08-12T23:14:13Z	55464390	852.5
2026-08-12T23:20:31Z	55464390	852.5
2026-08-12T23:54:19Z	55464390	847.1
2026-08-12T23:54:19Z	55462165	760.1
2026-08-13T00:00:34Z	55464390	847.1
2026-08-13T00:00:34Z	55462165	760.1
2026-08-13T00:54:25Z	55464390	847.0
2026-08-13T01:00:42Z	55464390	840.1
2026-08-13T01:14:27Z	55464390	839.9
2026-08-13T01:20:44Z	55464390	839.9
2026-08-13T01:54:33Z	55464390	845.1
2026-08-13T02:00:48Z	55464390	845.1
2026-08-13T02:20:50Z	55464390	850.4
2026-08-13T02:34:36Z	55464390	850.4
2026-08-13T02:34:36Z	55462165	767.5
2026-08-13T02:40:52Z	55462165	767.5
2026-08-13T03:14:41Z	55464390	845.2
2026-08-13T03:20:56Z	55464390	845.2
2026-08-13T04:14:48Z	55473528	638.5
2026-08-13T04:21:04Z	55473528	732.1
2026-08-13T06:16:58Z	55473528	794.6
2026-08-13T06:16:58Z	55464390	850.0
2026-08-13T06:23:13Z	55473528	794.6
2026-08-13T06:23:13Z	55464390	850.0
2026-08-13T07:03:16Z	55473528	800.9
2026-08-13T07:17:06Z	55473528	800.9
2026-08-13T07:37:08Z	55464390	844.9
2026-08-13T07:43:20Z	55464390	840.5
2026-08-13T07:57:11Z	55464390	840.5
2026-08-13T08:03:22Z	55464390	837.8
2026-08-13T08:17:13Z	55477812	927.7
2026-08-13T08:17:13Z	55464390	837.8
2026-08-13T08:23:25Z	55477812	855.1
2026-08-13T08:23:25Z	55473528	794.4
2026-08-13T08:37:16Z	55477812	753.9
2026-08-13T08:37:16Z	55473528	794.4
2026-08-13T08:43:26Z	55477812	798.2
2026-08-13T08:57:18Z	55477812	793.7
2026-08-13T09:03:28Z	55477812	813.9
2026-08-13T09:17:20Z	55477812	832.5
2026-08-13T09:23:30Z	55477812	845.9
2026-08-13T09:37:23Z	55477812	831.4
2026-08-13T09:43:33Z	55477812	817.9
2026-08-13T09:43:33Z	55473528	785.4
2026-08-13T09:57:25Z	55477812	834.5
2026-08-13T09:57:25Z	55473528	785.4
2026-08-13T10:03:35Z	55477812	830.7
2026-08-13T10:17:27Z	55477812	836.9
2026-08-13T10:23:37Z	55477812	836.9
2026-08-13T10:57:32Z	55477812	844.8
2026-08-13T11:03:41Z	55477812	844.8
2026-08-13T11:57:40Z	55477812	832.2
2026-08-13T11:57:40Z	55473528	804.5
2026-08-13T12:03:47Z	55477812	832.2
2026-08-13T12:03:47Z	55473528	804.5
2026-08-13T13:24:00Z	55477812	823.6
2026-08-13T13:38:20Z	55477812	823.6
2026-08-13T13:44:03Z	55473528	807.4
2026-08-13T13:58:33Z	55477812	830.8
2026-08-13T13:58:33Z	55473528	807.4
2026-08-13T14:04:06Z	55477812	830.8
2026-08-13T14:18:38Z	55484990	764.5
2026-08-13T14:24:10Z	55484990	867.0
2026-08-13T14:38:41Z	55484990	819.9
2026-08-13T14:44:13Z	55484990	853.1
2026-08-13T14:58:45Z	55484990	771.5
2026-08-13T14:58:45Z	55477812	839.5
2026-08-13T15:04:16Z	55484990	786.2
2026-08-13T15:04:16Z	55477812	839.5
2026-08-13T15:18:48Z	55484990	782.2
2026-08-13T15:24:19Z	55484990	747.6
2026-08-13T15:38:54Z	55484990	750.7
2026-08-13T15:44:22Z	55484990	749.6
2026-08-13T15:59:05Z	55484990	749.6
2026-08-13T16:19:08Z	55484990	760.6
2026-08-13T16:24:27Z	55484990	750.6
2026-08-13T16:39:13Z	55484990	750.6
2026-08-13T16:39:13Z	55477812	845.7
2026-08-13T16:44:30Z	55477812	845.7
2026-08-13T17:39:22Z	55484990	759.4
2026-08-13T17:39:22Z	55477812	853.4
2026-08-13T17:44:38Z	55484990	748.4
2026-08-13T17:44:38Z	55477812	859.4
2026-08-13T17:59:25Z	55484990	748.4
2026-08-13T17:59:25Z	55477812	859.4
2026-08-13T18:59:34Z	55484990	736.7
2026-08-13T19:04:48Z	55484990	736.7
2026-08-13T19:19:37Z	55484990	745.8
2026-08-13T19:19:37Z	55477812	853.5
2026-08-13T19:24:52Z	55484990	745.8
2026-08-13T19:24:52Z	55477812	860.0
2026-08-13T19:39:43Z	55477812	860.0
2026-08-13T19:59:46Z	55477812	857.0
2026-08-13T20:04:56Z	55477812	857.0
2026-08-13T20:19:48Z	55484990	743.4
2026-08-13T20:24:58Z	55484990	743.4
2026-08-13T20:59:53Z	55477812	846.9
2026-08-13T21:05:02Z	55477812	846.9
2026-08-13T21:19:55Z	55484990	750.9
2026-08-13T21:25:04Z	55484990	750.9
2026-08-13T21:45:06Z	55484990	741.7
2026-08-13T21:59:59Z	55484990	741.7
2026-08-13T21:59:59Z	55477812	851.9
2026-08-13T22:05:08Z	55477812	851.9
2026-08-13T22:20:02Z	55484990	748.8
2026-08-13T22:20:02Z	55477812	857.5
2026-08-13T22:25:10Z	55484990	748.8
2026-08-13T22:25:10Z	55477812	857.5
2026-08-13T22:40:04Z	55477812	852.6
2026-08-13T22:45:11Z	55477812	852.6
2026-08-13T23:00:06Z	55484990	756.6
2026-08-13T23:05:13Z	55484990	756.6
2026-08-14T00:00:13Z	55477812	847.3
2026-08-14T00:05:18Z	55477812	847.3
2026-08-14T00:25:20Z	55477812	842.3
2026-08-14T00:40:18Z	55477812	842.3
2026-08-14T01:40:25Z	55477812	836.9
2026-08-14T01:45:28Z	55477812	836.9
2026-08-14T01:48:09Z	55484990	756.6
2026-08-14T01:48:09Z	55477812	836.9
2026-08-14T01:48:09Z	55473528	807.4
2026-08-14T01:48:09Z	55464390	837.8
2026-08-14T01:48:09Z	55462165	767.5
2026-08-14T01:48:09Z	55459931	678.5
2026-08-14T02:20:34Z	55484990	748.0
2026-08-14T02:25:33Z	55484990	748.0
2026-08-14T02:25:33Z	55477812	832.3
2026-08-14T02:28:16Z	55484990	748.0
2026-08-14T02:28:16Z	55477812	832.3
2026-08-14T02:40:39Z	55477812	832.3
2026-08-14T04:58:32Z	55484990	751.3
2026-08-14T04:58:32Z	55477812	837.0
2026-08-14T04:58:32Z	55473528	807.4
2026-08-14T04:58:32Z	55464390	837.8
2026-08-14T04:58:32Z	55462165	767.5
2026-08-14T05:18:34Z	55498225	752.5
2026-08-14T05:38:36Z	55498225	656.7
2026-08-14T05:58:39Z	55498225	661.8
2026-08-14T05:58:39Z	55484990	744.6
2026-08-14T06:18:43Z	55498225	739.6
2026-08-14T08:24:10Z	55498225	733.1
2026-08-14T08:24:10Z	55484990	754.6
2026-08-14T10:04:26Z	55498225	740.8
2026-08-14T10:44:30Z	55498225	750.7
2026-08-14T11:24:33Z	55498225	762.9
2026-08-14T11:24:33Z	55484990	748.8
2026-08-14T11:44:38Z	55498225	755.5
2026-08-14T12:24:44Z	55498225	755.4
2026-08-14T13:04:46Z	55505572	625.6
2026-08-14T13:04:46Z	55498225	747.9
2026-08-14T13:24:49Z	55505572	484.5
2026-08-14T13:44:51Z	55505572	588.6
2026-08-14T13:44:51Z	55498225	743.4
2026-08-14T14:04:53Z	55505572	655.1
2026-08-14T14:24:58Z	55505572	660.3
2026-08-14T14:24:58Z	55498225	743.2
2026-08-14T14:45:01Z	55507419	601.1
2026-08-14T14:45:01Z	55505572	641.7
2026-08-14T15:05:04Z	55507419	757.3
2026-08-14T15:25:06Z	55507419	771.7
2026-08-14T15:45:10Z	55507419	778.2
2026-08-14T16:05:13Z	55507419	772.7
2026-08-14T16:25:17Z	55507419	743.0
2026-08-14T16:35:50Z	55507419	743.0
2026-08-14T16:35:50Z	55505572	641.7
2026-08-14T16:35:50Z	55498225	743.2
2026-08-14T16:35:50Z	55484990	748.8
2026-08-14T16:35:50Z	55477812	837.0
2026-08-14T16:35:50Z	55473528	807.4
2026-08-14T16:45:20Z	55505572	627.9
2026-08-14T16:55:53Z	55505572	627.9
2026-08-14T17:36:00Z	55507419	734.6
2026-08-14T17:36:00Z	55505572	619.8
2026-08-14T17:45:30Z	55510846	596.2
2026-08-14T17:45:30Z	55507419	734.6
2026-08-14T17:45:30Z	55505572	619.8
2026-08-14T17:56:04Z	55510846	602.3
2026-08-14T18:05:33Z	55510846	571.1
2026-08-14T18:16:07Z	55510846	504.7
2026-08-14T18:25:37Z	55510846	531.8
2026-08-14T18:36:10Z	55510846	586.1
2026-08-14T18:36:10Z	55507419	723.7
2026-08-14T18:45:40Z	55510846	623.3
2026-08-14T18:45:40Z	55507419	723.7
2026-08-14T18:56:12Z	55510846	648.7
2026-08-14T19:05:43Z	55510846	639.6
2026-08-14T19:05:43Z	55507419	716.3
2026-08-14T19:16:15Z	55510846	648.3
2026-08-14T19:16:15Z	55507419	716.3
2026-08-14T19:25:48Z	55510846	671.0
2026-08-14T19:36:18Z	55510846	679.8
2026-08-14T19:45:51Z	55510846	688.6
2026-08-14T19:56:20Z	55510846	696.8
2026-08-14T19:56:20Z	55507419	725.4
2026-08-14T20:05:53Z	55510846	696.8
2026-08-14T20:05:53Z	55507419	725.4
2026-08-14T20:16:22Z	55512849	513.1
2026-08-14T20:16:22Z	55510846	686.3
2026-08-14T20:25:55Z	55512849	532.8
2026-08-14T20:25:55Z	55510846	686.3
2026-08-14T20:36:26Z	55512849	638.9
2026-08-14T20:45:58Z	55512849	629.1
2026-08-14T20:56:30Z	55512849	596.0
2026-08-14T20:56:30Z	55510846	702.9
2026-08-14T21:06:00Z	55512849	595.8
2026-08-14T21:06:00Z	55510846	702.9
2026-08-14T21:16:32Z	55512849	614.8
2026-08-14T21:26:03Z	55512849	646.0
2026-08-14T21:36:35Z	55512849	655.5
2026-08-14T21:36:35Z	55510846	702.6
2026-08-14T21:46:07Z	55512849	618.0
2026-08-14T21:46:07Z	55510846	702.6
2026-08-14T21:56:39Z	55512849	596.5
2026-08-14T22:06:09Z	55512849	571.7
2026-08-14T22:16:42Z	55512849	567.5
2026-08-14T22:26:11Z	55512849	567.5
2026-08-14T22:36:45Z	55510846	694.6
2026-08-14T22:46:14Z	55510846	694.6
2026-08-14T22:56:48Z	55512849	556.6
2026-08-14T23:06:17Z	55512849	556.6
2026-08-14T23:56:55Z	55510846	688.4
2026-08-15T00:06:22Z	55510846	688.4
2026-08-15T00:46:25Z	55510846	681.9
2026-08-15T00:56:59Z	55510846	681.9
2026-08-15T02:17:08Z	55512849	547.6
2026-08-15T02:26:35Z	55512849	547.6
2026-08-15T02:46:37Z	55512849	538.3
2026-08-15T02:57:12Z	55512849	538.3
2026-08-15T03:46:43Z	55510846	689.6
2026-08-15T03:57:17Z	55510846	689.6
2026-08-15T04:57:22Z	55510846	699.1
2026-08-15T05:06:49Z	55510846	699.1
2026-08-15T05:37:27Z	55512849	531.2
2026-08-15T05:46:52Z	55512849	531.2
2026-08-15T06:46:57Z	55510846	705.3
2026-08-15T06:57:35Z	55510846	705.3
2026-08-15T09:27:12Z	55512849	539.2
2026-08-15T09:37:50Z	55512849	539.2
2026-08-15T10:07:17Z	55510846	697.9
2026-08-15T10:17:55Z	55510846	697.9
2026-08-15T10:27:19Z	55510846	690.3
2026-08-15T10:37:57Z	55510846	690.3
2026-08-15T10:47:21Z	55510846	698.1
2026-08-15T10:57:59Z	55510846	698.1
2026-08-15T11:27:26Z	55510846	699.8
2026-08-15T11:38:04Z	55510846	694.0
2026-08-15T11:47:28Z	55510846	694.0
2026-08-15T12:27:33Z	55510846	695.2
2026-08-15T12:38:13Z	55527580	692.3
2026-08-15T12:38:13Z	55510846	695.2
2026-08-15T12:47:36Z	55527580	875.5
2026-08-15T12:58:15Z	55527580	875.4
2026-08-15T13:07:37Z	55527580	918.6
2026-08-15T13:18:16Z	55527580	1018.4
2026-08-15T13:27:40Z	55527580	1050.2
2026-08-15T13:38:19Z	55527580	1066.3
2026-08-15T13:47:41Z	55527580	1100.1
2026-08-15T13:47:41Z	55512849	532.2
2026-08-15T13:58:21Z	55527580	1089.2
2026-08-15T13:58:21Z	55512849	532.2
2026-08-15T14:07:43Z	55527580	1087.7
2026-08-15T14:18:22Z	55527580	1067.4
2026-08-15T14:27:45Z	55527580	1063.4
2026-08-15T14:38:24Z	55527580	1094.0
2026-08-15T14:47:51Z	55527580	1069.1
2026-08-15T14:58:26Z	55527580	1082.3
2026-08-15T15:07:53Z	55527580	1062.8
2026-08-15T15:18:30Z	55527580	1062.8
2026-08-15T15:38:32Z	55527580	1070.4
2026-08-15T15:47:57Z	55527580	1070.4
2026-08-15T17:08:06Z	55527580	1062.9
2026-08-15T17:18:44Z	55527580	1055.8
2026-08-15T17:28:08Z	55527580	1055.8
2026-08-15T17:48:10Z	55527580	1046.2
2026-08-15T17:58:48Z	55527580	1046.2
2026-08-15T18:38:52Z	55527580	1040.9
2026-08-15T18:38:52Z	55512849	522.1
2026-08-15T18:48:15Z	55527580	1033.6
2026-08-15T18:48:15Z	55512849	522.1
2026-08-15T18:58:54Z	55527580	1033.6
2026-08-15T20:19:07Z	55527580	1031.7
2026-08-15T20:28:29Z	55527580	1031.7
2026-08-15T20:39:09Z	55527580	1037.2
2026-08-15T20:48:31Z	55527580	1037.2
2026-08-15T21:48:37Z	55527580	1030.8
2026-08-15T21:59:17Z	55527580	1030.8
2026-08-15T22:08:39Z	55527580	1025.5
2026-08-15T22:19:20Z	55527580	1025.5
2026-08-15T22:39:22Z	55512849	516.6
2026-08-15T22:48:43Z	55527580	1024.0
2026-08-15T22:48:43Z	55512849	516.6
2026-08-15T22:59:23Z	55527580	1024.0
2026-08-15T23:19:26Z	55527580	1018.6
2026-08-15T23:28:46Z	55527580	1018.6
2026-08-16T00:59:35Z	55527580	1028.7
2026-08-16T01:08:56Z	55527580	1022.6
2026-08-16T01:19:37Z	55527580	1022.6
2026-08-16T01:48:59Z	55527580	1027.3
2026-08-16T01:59:41Z	55527580	1027.3
2026-08-16T02:29:03Z	55527580	1031.5
2026-08-16T02:39:45Z	55527580	1031.5
2026-08-16T03:19:49Z	55527580	1026.3
2026-08-16T03:29:09Z	55527580	1026.3
2026-08-16T03:39:50Z	55512849	506.6
2026-08-16T03:49:10Z	55512849	506.6
2026-08-16T03:59:52Z	55527580	1021.9
2026-08-16T04:09:11Z	55527580	1021.9
2026-08-16T04:19:54Z	55512849	499.0
2026-08-16T04:29:13Z	55527580	1016.1
2026-08-16T04:29:13Z	55512849	499.0
2026-08-16T04:39:57Z	55527580	1016.1
2026-08-16T05:09:17Z	55527580	1010.6
2026-08-16T05:20:00Z	55527580	1005.2
2026-08-16T05:29:19Z	55527580	1005.2
2026-08-16T06:00:03Z	55527580	1001.5
2026-08-16T06:09:24Z	55527580	1001.5
2026-08-16T06:20:06Z	55527580	998.3
2026-08-16T06:29:26Z	55527580	998.3
2026-08-16T06:40:08Z	55527580	993.6
2026-08-16T06:49:28Z	55527580	993.6
2026-08-16T07:40:14Z	55527580	993.7
2026-08-16T07:49:33Z	55527580	993.7
2026-08-16T09:00:24Z	55527580	988.8
2026-08-16T09:09:44Z	55527580	988.8
2026-08-16T09:20:26Z	55527580	984.2
2026-08-16T09:20:26Z	55512849	505.9
2026-08-16T09:29:46Z	55527580	984.2
2026-08-16T09:29:46Z	55512849	505.9
2026-08-16T10:00:29Z	55527580	979.9
2026-08-16T10:09:49Z	55527580	979.9
2026-08-16T11:40:41Z	55527580	976.5
2026-08-16T11:50:02Z	55527580	976.5
2026-08-16T12:00:43Z	55527580	973.1
2026-08-16T12:10:04Z	55527580	973.1
2026-08-16T12:30:09Z	55527580	976.9
2026-08-16T12:50:17Z	55527580	973.1
2026-08-16T13:00:53Z	55527580	977.2
2026-08-16T13:10:20Z	55527580	977.2
2026-08-16T13:30:22Z	55527580	972.8
2026-08-16T13:40:55Z	55527580	972.8
2026-08-16T13:50:24Z	55527580	969.1
2026-08-16T14:00:58Z	55527580	969.1
2026-08-16T14:10:26Z	55527580	960.7
2026-08-16T14:20:59Z	55527580	960.7
2026-08-16T15:21:04Z	55527580	964.3
2026-08-16T15:30:33Z	55527580	964.3
2026-08-16T15:41:03Z	55527580	964.3
2026-08-16T15:41:03Z	55512849	505.9
2026-08-16T15:41:03Z	55510846	695.2
2026-08-16T15:41:03Z	55507419	725.4
2026-08-16T15:41:03Z	55505572	619.8
2026-08-16T15:50:35Z	55557105	600.0
2026-08-16T16:01:05Z	55557105	740.7
2026-08-16T16:01:07Z	55557105	740.7
2026-08-16T16:10:37Z	55557105	849.7
2026-08-16T16:10:37Z	55527580	960.5
2026-08-16T16:21:07Z	55557105	925.0
2026-08-16T16:21:07Z	55527580	960.5
2026-08-16T16:21:08Z	55557105	925.0
2026-08-16T16:21:08Z	55527580	960.5
2026-08-16T16:30:38Z	55557105	902.1
2026-08-16T16:41:09Z	55557105	949.8
2026-08-16T16:41:10Z	55557105	949.8
2026-08-16T16:50:40Z	55557105	933.8
2026-08-16T17:01:10Z	55557105	928.3
2026-08-16T17:01:10Z	55527580	956.3
2026-08-16T17:01:12Z	55557105	928.3
2026-08-16T17:01:12Z	55527580	956.3
2026-08-16T17:10:43Z	55557105	925.3
2026-08-16T17:10:43Z	55527580	956.3
2026-08-16T17:21:12Z	55557105	934.0
2026-08-16T17:21:13Z	55557105	934.0
2026-08-16T17:30:45Z	55557105	906.5
2026-08-16T17:41:15Z	55557105	906.5
2026-08-16T17:41:16Z	55557105	906.5
2026-08-16T18:21:24Z	55557105	895.1
2026-08-16T18:21:24Z	55557105	895.1
2026-08-16T18:30:55Z	55557105	902.4
2026-08-16T18:30:55Z	55527580	960.3
2026-08-16T18:41:28Z	55557105	902.4
2026-08-16T18:41:28Z	55527580	960.3
2026-08-16T18:41:29Z	55557105	902.4
2026-08-16T18:41:29Z	55527580	960.3
2026-08-16T19:01:32Z	55557105	894.2
2026-08-16T19:01:32Z	55557105	894.2
2026-08-16T19:11:02Z	55557105	894.2
2026-08-16T19:31:04Z	55527580	955.4
2026-08-16T19:41:39Z	55527580	955.4
2026-08-16T19:41:39Z	55527580	955.4
2026-08-16T20:21:49Z	55557105	881.3
2026-08-16T20:21:49Z	55527580	952.0
2026-08-16T20:21:49Z	55557105	881.3
2026-08-16T20:21:49Z	55527580	952.0
2026-08-16T20:31:20Z	55557105	881.3
2026-08-16T20:31:20Z	55527580	948.0
2026-08-16T20:42:13Z	55527580	948.0
2026-08-16T20:42:15Z	55527580	948.0
2026-08-16T21:22:33Z	55557105	871.2
2026-08-16T21:22:35Z	55557105	871.2
2026-08-16T21:31:47Z	55557105	871.2
2026-08-16T22:39:55Z	55557105	863.3
2026-08-16T22:39:55Z	55527580	958.6
2026-08-16T22:39:57Z	55557105	863.3
2026-08-16T22:39:57Z	55527580	958.6
2026-08-16T22:49:00Z	55557105	863.3
2026-08-16T22:49:00Z	55527580	958.6
2026-08-17T00:00:01Z	55557105	871.0
2026-08-17T00:00:01Z	55527580	954.7
2026-08-17T00:00:06Z	55557105	871.0
2026-08-17T00:00:06Z	55527580	954.7
2026-08-17T00:09:07Z	55565821	600.0
2026-08-17T00:09:07Z	55565818	600.0
2026-08-17T00:09:07Z	55557105	871.0
2026-08-17T00:09:07Z	55527580	954.7
2026-08-17T00:20:03Z	55565821	600.0
2026-08-17T00:20:03Z	55565818	600.0
2026-08-17T00:20:08Z	55565821	600.0
2026-08-17T00:20:08Z	55565818	600.0
2026-08-17T06:09:39Z	55527580	957.8
2026-08-17T06:20:38Z	55557105	867.9
2026-08-17T06:20:38Z	55527580	957.8
2026-08-17T06:20:39Z	55557105	867.9
2026-08-17T06:20:39Z	55527580	957.8
2026-08-17T06:29:40Z	55557105	867.9
2026-08-17T06:49:42Z	55557105	862.4
2026-08-17T07:00:41Z	55557105	862.4
2026-08-17T07:00:43Z	55557105	862.4
2026-08-17T08:00:46Z	55557105	869.8
2026-08-17T08:00:47Z	55557105	869.8
2026-08-17T08:09:48Z	55557105	869.8
2026-08-17T08:40:49Z	55527580	962.2
2026-08-17T08:40:51Z	55527580	962.2
2026-08-17T08:49:51Z	55557105	870.9
2026-08-17T08:49:51Z	55527580	962.2
2026-08-17T09:00:51Z	55557105	870.9
2026-08-17T09:00:53Z	55557105	870.9
2026-08-17T09:09:53Z	55527580	966.2
2026-08-17T09:20:53Z	55527580	966.2
2026-08-17T09:20:54Z	55527580	966.2
2026-08-17T09:29:55Z	55557105	876.3
2026-08-17T09:40:55Z	55557105	876.3
2026-08-17T09:40:55Z	55527580	972.0
2026-08-17T09:40:56Z	55557105	876.3
2026-08-17T09:40:56Z	55527580	972.0
2026-08-17T09:49:56Z	55527580	972.0
2026-08-17T10:30:00Z	55557105	869.5
2026-08-17T10:30:00Z	55527580	977.2
2026-08-17T10:40:59Z	55557105	869.5
2026-08-17T10:40:59Z	55527580	977.2
2026-08-17T10:41:01Z	55557105	869.5
2026-08-17T10:41:01Z	55527580	977.2
2026-08-17T11:01:01Z	55557105	861.5
2026-08-17T11:01:02Z	55557105	861.5
2026-08-17T11:10:03Z	55557105	861.5
2026-08-17T11:41:04Z	55557105	869.4
2026-08-17T11:41:06Z	55557105	869.4
2026-08-17T11:50:07Z	55557105	861.6
2026-08-17T12:01:06Z	55557105	861.6
2026-08-17T12:01:08Z	55557105	861.6
2026-08-17T12:21:07Z	55557105	855.9
2026-08-17T12:21:07Z	55527580	972.8
2026-08-17T12:21:09Z	55557105	855.9
2026-08-17T12:21:09Z	55527580	972.8
2026-08-17T12:30:10Z	55557105	855.9
2026-08-17T12:30:10Z	55527580	972.8
2026-08-17T12:41:09Z	55557105	850.3
2026-08-17T12:41:11Z	55557105	850.3
2026-08-17T12:50:11Z	55557105	850.3
2026-08-17T12:50:11Z	55527580	977.1
2026-08-17T13:01:11Z	55527580	973.4
2026-08-17T13:01:12Z	55527580	973.4
2026-08-17T13:10:13Z	55557105	856.4
2026-08-17T13:10:13Z	55527580	973.4
2026-08-17T13:21:13Z	55557105	856.4
2026-08-17T13:21:14Z	55557105	856.4
2026-08-17T13:30:15Z	55557105	860.8
2026-08-17T13:41:15Z	55557105	860.8
2026-08-17T13:41:15Z	55557105	860.8
2026-08-17T13:50:17Z	55557105	867.9
2026-08-17T14:01:17Z	55557105	867.9
2026-08-17T14:01:17Z	55557105	867.9
2026-08-17T14:30:20Z	55557105	872.4
2026-08-17T14:30:20Z	55527580	980.7
2026-08-17T14:41:22Z	55557105	872.4
2026-08-17T14:41:22Z	55527580	980.7
2026-08-17T14:41:22Z	55557105	872.4
2026-08-17T14:41:22Z	55527580	980.7
2026-08-17T15:01:23Z	55557105	867.7
2026-08-17T15:01:24Z	55557105	867.7
2026-08-17T15:10:24Z	55557105	867.7
2026-08-17T15:21:25Z	55527580	977.9
2026-08-17T15:21:26Z	55527580	977.9
2026-08-17T15:30:26Z	55557105	856.4
2026-08-17T15:30:26Z	55527580	977.9
2026-08-17T15:41:27Z	55557105	856.4
2026-08-17T15:41:27Z	55527580	972.0
2026-08-17T15:41:28Z	55557105	856.4
2026-08-17T15:41:28Z	55527580	972.0
2026-08-17T15:50:28Z	55527580	972.0
2026-08-17T16:01:29Z	55527580	962.4
2026-08-17T16:01:30Z	55527580	962.4
2026-08-17T16:10:29Z	55527580	962.4
2026-08-17T16:21:31Z	55557105	863.8
2026-08-17T16:21:31Z	55557105	863.8
2026-08-17T16:30:31Z	55557105	858.3
2026-08-17T16:41:32Z	55557105	858.3
2026-08-17T16:41:33Z	55557105	858.3
2026-08-17T17:52:37Z	55557105	867.0
2026-08-17T17:52:37Z	55527580	972.5
2026-08-17T21:23:16Z	55557105	862.9
2026-08-17T21:23:16Z	55527580	965.8
2026-08-17T21:23:16Z	55557105	862.9
2026-08-17T21:23:16Z	55527580	965.8
2026-08-17T21:32:16Z	55557105	862.9
2026-08-17T21:32:16Z	55527580	965.8
2026-08-17T22:32:22Z	55557105	866.1
2026-08-17T22:43:23Z	55557105	866.1
2026-08-17T22:43:24Z	55557105	866.1
2026-08-17T23:12:25Z	55557105	870.2
2026-08-17T23:23:28Z	55557105	870.2
2026-08-17T23:23:28Z	55527580	961.3
2026-08-17T23:23:28Z	55557105	870.2
2026-08-17T23:23:28Z	55527580	961.3
2026-08-17T23:32:28Z	55557105	875.9
2026-08-17T23:32:28Z	55527580	961.3
2026-08-17T23:43:30Z	55557105	875.9
2026-08-17T23:43:30Z	55527580	957.5
2026-08-17T23:43:30Z	55557105	875.9
2026-08-17T23:43:30Z	55527580	957.5
2026-08-17T23:52:30Z	55527580	957.5
2026-08-18T00:52:34Z	55557105	869.5
2026-08-18T01:03:37Z	55557105	869.5
2026-08-18T01:03:37Z	55557105	869.5
2026-08-18T01:12:36Z	55557105	874.7
2026-08-18T01:23:39Z	55557105	879.7
2026-08-18T01:23:39Z	55557105	879.7
2026-08-18T01:32:38Z	55557105	879.7
2026-08-18T01:32:38Z	55527580	953.2
2026-08-18T01:43:41Z	55527580	953.2
2026-08-18T01:43:41Z	55527580	953.2
2026-08-18T02:12:42Z	55557105	875.0
2026-08-18T02:23:45Z	55557105	875.0
2026-08-18T02:23:44Z	55557105	875.0
2026-08-18T03:23:50Z	55527580	948.5
2026-08-18T03:23:50Z	55527580	948.5
2026-08-18T03:32:50Z	55527580	953.0
2026-08-18T03:43:51Z	55527580	953.0
2026-08-18T03:43:52Z	55527580	953.0
2026-08-18T04:03:53Z	55557105	870.6
2026-08-18T04:03:53Z	55527580	949.2
2026-08-18T04:03:54Z	55557105	870.6
2026-08-18T04:03:54Z	55527580	949.2
2026-08-18T04:12:53Z	55557105	870.6
2026-08-18T04:12:53Z	55527580	949.2
2026-08-18T04:52:57Z	55527580	953.1
2026-08-18T05:03:57Z	55527580	953.1
2026-08-18T05:03:59Z	55527580	953.1
2026-08-18T05:44:01Z	55557105	874.4
2026-08-18T05:44:03Z	55557105	874.4
2026-08-18T05:53:02Z	55557105	874.4
2026-08-18T06:33:05Z	55527580	953.4
2026-08-18T06:44:07Z	55527580	953.4
2026-08-18T06:44:09Z	55527580	953.4
2026-08-18T08:04:13Z	55557105	877.3
2026-08-18T08:04:16Z	55557105	877.3
2026-08-18T08:13:13Z	55557105	877.3
2026-08-18T18:44:35Z	55557105	869.2
2026-08-18T18:44:35Z	55527580	947.6
2026-08-18T20:40:48Z	55557105	870.5
2026-08-18T20:40:48Z	55527580	924.9
2026-08-18T20:40:50Z	55557105	870.5
2026-08-18T20:40:50Z	55527580	924.9
2026-08-19T04:04:30Z	55557105	878.2
2026-08-19T04:04:30Z	55527580	917.6
2026-08-19T04:04:31Z	55557105	878.2
2026-08-19T04:04:31Z	55527580	917.6
2026-08-19T04:13:29Z	55557105	878.2
2026-08-19T04:13:29Z	55527580	917.6
2026-08-19T05:24:49Z	55557105	881.7
2026-08-19T05:24:49Z	55557105	881.7
2026-08-19T05:33:41Z	55557105	881.7
2026-08-19T05:44:53Z	55527580	908.2
2026-08-19T05:44:54Z	55527580	908.2
2026-08-19T05:53:45Z	55527580	904.0
2026-08-19T06:04:54Z	55527580	904.0
2026-08-19T06:04:55Z	55527580	904.0
2026-08-19T06:53:50Z	55527580	900.6
2026-08-19T07:05:06Z	55557105	885.2
2026-08-19T07:05:06Z	55527580	900.6
2026-08-19T07:05:06Z	55557105	885.2
2026-08-19T07:05:06Z	55527580	900.6
2026-08-19T07:13:52Z	55557105	885.2
2026-08-19T08:13:59Z	55527580	903.5
2026-08-19T08:25:14Z	55527580	903.5
2026-08-19T08:25:14Z	55527580	903.5
2026-08-19T08:34:00Z	55557105	888.4
2026-08-19T08:45:16Z	55557105	888.4
2026-08-19T08:45:17Z	55557105	888.4
2026-08-19T09:05:18Z	55527580	906.3
2026-08-19T09:05:18Z	55527580	906.3
2026-08-19T11:42:19Z	55557105	888.5
2026-08-19T11:42:19Z	55527580	905.7
2026-08-19T11:53:35Z	55557105	888.5
2026-08-19T11:53:35Z	55527580	905.7
2026-08-19T11:53:36Z	55557105	888.5
2026-08-19T11:53:36Z	55527580	905.7
2026-08-19T12:53:43Z	55527580	909.4
2026-08-19T12:53:45Z	55527580	909.4
2026-08-19T13:02:30Z	55557105	883.2
2026-08-19T13:02:30Z	55527580	909.4
2026-08-19T13:13:46Z	55557105	879.5
2026-08-19T13:13:46Z	55527580	906.5
2026-08-19T13:13:47Z	55557105	879.5
2026-08-19T13:13:47Z	55527580	906.5
2026-08-19T13:22:32Z	55557105	879.5
2026-08-19T13:22:32Z	55527580	906.5
2026-08-19T13:33:50Z	55557105	883.7
2026-08-19T13:33:51Z	55557105	883.7
2026-08-19T13:42:36Z	55557105	883.7
2026-08-19T14:14:00Z	55557105	888.6
2026-08-19T14:14:00Z	55557105	888.6
2026-08-19T14:22:45Z	55557105	883.5
2026-08-19T14:22:45Z	55527580	909.9
2026-08-19T14:34:05Z	55557105	883.5
2026-08-19T14:34:05Z	55527580	909.9
2026-08-19T14:34:05Z	55557105	883.5
2026-08-19T14:34:05Z	55527580	909.9
2026-08-19T15:34:22Z	55527580	905.7
2026-08-19T15:34:22Z	55527580	905.7
2026-08-19T15:43:04Z	55527580	905.7
2026-08-19T18:04:33Z	55557105	879.6
2026-08-19T18:04:33Z	55527580	891.8
2026-08-19T18:04:33Z	55557105	879.6
2026-08-19T18:04:33Z	55527580	891.8
2026-08-19T18:13:14Z	55557105	883.3
2026-08-19T18:13:14Z	55527580	891.8
2026-08-19T18:24:36Z	55557105	883.3
2026-08-19T18:24:36Z	55527580	898.1
2026-08-19T18:24:36Z	55557105	883.3
2026-08-19T18:24:36Z	55527580	898.1
2026-08-19T18:33:17Z	55527580	898.1
2026-08-19T18:44:39Z	55557105	886.8
2026-08-19T18:44:38Z	55557105	886.8
2026-08-19T18:53:19Z	55557105	886.8
2026-08-19T18:53:19Z	55527580	902.4
2026-08-19T19:04:41Z	55557105	886.7
2026-08-19T19:04:41Z	55557105	886.7
2026-08-19T19:04:41Z	55527580	906.3
2026-08-19T19:04:41Z	55527580	906.3
2026-08-19T19:13:21Z	55557105	892.0
2026-08-19T19:13:21Z	55527580	902.7
2026-08-19T19:24:43Z	55557105	892.0
2026-08-19T19:24:43Z	55527580	902.7
2026-08-19T19:24:43Z	55557105	892.0
2026-08-19T19:24:43Z	55527580	902.7
2026-08-19T19:44:45Z	55557105	888.0
2026-08-19T19:44:45Z	55527580	898.5
2026-08-19T19:44:45Z	55557105	888.0
2026-08-19T19:44:45Z	55527580	898.5
2026-08-19T19:53:24Z	55557105	888.0
2026-08-19T19:53:24Z	55527580	898.5
2026-08-19T20:13:26Z	55557105	884.0
2026-08-19T20:13:26Z	55527580	903.8
2026-08-19T20:24:49Z	55557105	884.0
2026-08-19T20:24:49Z	55527580	903.8
2026-08-19T20:24:50Z	55557105	884.0
2026-08-19T20:24:50Z	55527580	903.8
2026-08-19T20:44:51Z	55557105	886.5
2026-08-19T20:44:52Z	55557105	886.5
2026-08-19T20:44:52Z	55527580	906.2
2026-08-19T20:53:31Z	55557105	886.5
2026-08-19T20:53:31Z	55527580	906.2
2026-08-19T21:04:53Z	55527580	906.2
2026-08-19T21:13:32Z	55557105	881.8
2026-08-19T21:24:55Z	55557105	881.8
2026-08-19T21:24:55Z	55527580	902.2
2026-08-19T21:24:55Z	55557105	881.8
2026-08-19T21:24:55Z	55527580	902.2
2026-08-19T21:33:34Z	55527580	902.2
2026-08-19T21:44:57Z	55557105	877.3
2026-08-19T21:44:57Z	55557105	877.3
2026-08-19T21:53:36Z	55557105	877.3
2026-08-19T21:53:36Z	55527580	906.0
2026-08-19T22:05:01Z	55527580	906.0
2026-08-19T22:05:01Z	55527580	906.0
2026-08-19T22:13:38Z	55557105	877.5
2026-08-19T22:25:04Z	55557105	877.5
2026-08-19T22:25:04Z	55527580	910.4
2026-08-19T22:25:04Z	55557105	877.5
2026-08-19T22:25:04Z	55527580	910.4
2026-08-19T22:33:41Z	55527580	910.4
2026-08-19T22:53:44Z	55557105	883.2
2026-08-19T22:53:44Z	55527580	905.7
2026-08-19T23:05:09Z	55557105	888.4
2026-08-19T23:05:09Z	55527580	905.7
2026-08-19T23:05:09Z	55557105	888.4
2026-08-19T23:05:09Z	55527580	905.7
2026-08-19T23:13:46Z	55557105	888.4
2026-08-19T23:25:11Z	55527580	906.1
2026-08-19T23:25:11Z	55527580	906.1
2026-08-19T23:33:48Z	55527580	906.1
2026-08-19T23:53:49Z	55527580	899.7
2026-08-20T00:05:15Z	55557105	892.3
2026-08-20T00:05:15Z	55527580	899.7
2026-08-20T00:05:15Z	55557105	892.3
2026-08-20T00:05:15Z	55527580	899.7
2026-08-20T00:13:51Z	55557105	892.3
2026-08-20T00:25:17Z	55557105	896.7
2026-08-20T00:25:17Z	55527580	903.8
2026-08-20T00:25:17Z	55557105	896.7
2026-08-20T00:25:17Z	55527580	903.8
2026-08-20T00:34:00Z	55557105	896.7
2026-08-20T00:34:00Z	55527580	903.8
2026-08-20T00:45:20Z	55527580	907.8
2026-08-20T00:45:19Z	55527580	907.8
2026-08-20T00:54:02Z	55557105	893.0
2026-08-20T00:54:02Z	55527580	903.2
2026-08-20T01:05:21Z	55557105	893.0
2026-08-20T01:05:21Z	55527580	903.2
2026-08-20T01:05:21Z	55557105	893.0
2026-08-20T01:05:21Z	55527580	903.2
2026-08-20T01:14:04Z	55557105	900.5
2026-08-20T01:14:04Z	55527580	899.9
2026-08-20T01:25:24Z	55557105	900.5
2026-08-20T01:25:24Z	55527580	899.9
2026-08-20T01:25:24Z	55557105	900.5
2026-08-20T01:25:24Z	55527580	899.9
2026-08-20T01:34:06Z	55557105	895.9
2026-08-20T01:34:06Z	55527580	902.7
2026-08-20T01:45:26Z	55557105	895.9
2026-08-20T01:45:26Z	55527580	906.0
2026-08-20T01:45:26Z	55557105	895.9
2026-08-20T01:45:26Z	55527580	906.0
2026-08-20T01:54:08Z	55557105	900.3
2026-08-20T01:54:08Z	55527580	906.0
2026-08-20T02:05:28Z	55557105	900.3
2026-08-20T02:05:28Z	55527580	901.6
2026-08-20T02:05:28Z	55557105	900.3
2026-08-20T02:05:28Z	55527580	901.6
2026-08-20T02:14:10Z	55557105	905.0
2026-08-20T02:14:10Z	55527580	901.6
2026-08-20T02:25:30Z	55557105	901.2
2026-08-20T02:25:30Z	55527580	910.4
2026-08-20T02:25:30Z	55557105	901.2
2026-08-20T02:25:30Z	55527580	910.4
2026-08-20T02:34:12Z	55557105	901.2
2026-08-20T02:34:12Z	55527580	913.5
2026-08-20T02:45:32Z	55557105	896.8
2026-08-20T02:45:32Z	55527580	913.5
2026-08-20T02:45:33Z	55557105	896.8
2026-08-20T02:45:33Z	55527580	913.5
2026-08-20T02:54:14Z	55557105	896.8
2026-08-20T02:54:14Z	55527580	907.9
2026-08-20T03:05:35Z	55557105	900.2
2026-08-20T03:05:35Z	55527580	911.2
2026-08-20T03:05:34Z	55557105	900.2
2026-08-20T03:05:34Z	55527580	911.2
2026-08-20T03:14:16Z	55557105	900.2
2026-08-20T03:14:16Z	55527580	911.2
2026-08-20T03:25:37Z	55557105	900.1
2026-08-20T03:25:37Z	55527580	906.7
2026-08-20T03:25:36Z	55557105	900.1
2026-08-20T03:25:36Z	55527580	906.7
2026-08-20T03:34:18Z	55557105	900.1
2026-08-20T03:34:18Z	55527580	903.0
2026-08-20T03:45:38Z	55557105	904.2
2026-08-20T03:45:38Z	55527580	900.4
2026-08-20T03:45:38Z	55557105	904.2
2026-08-20T03:45:38Z	55527580	900.4
2026-08-20T03:54:20Z	55557105	904.2
2026-08-20T03:54:20Z	55527580	900.4
2026-08-20T04:05:41Z	55557105	899.1
2026-08-20T04:05:40Z	55557105	899.1
2026-08-20T04:14:22Z	55557105	895.2
2026-08-20T04:14:22Z	55527580	896.1
2026-08-20T04:25:43Z	55557105	895.2
2026-08-20T04:25:43Z	55527580	894.5
2026-08-20T04:25:43Z	55557105	895.2
2026-08-20T04:25:43Z	55527580	894.5
2026-08-20T04:34:24Z	55557105	899.5
2026-08-20T04:34:24Z	55527580	894.5
2026-08-20T04:45:45Z	55557105	899.5
2026-08-20T04:45:45Z	55527580	895.3
2026-08-20T04:45:45Z	55557105	899.5
2026-08-20T04:45:45Z	55527580	895.3
2026-08-20T04:54:27Z	55557105	903.5
2026-08-20T04:54:27Z	55527580	899.8
2026-08-24T00:30:40Z	55557105	914.8
2026-08-24T00:30:40Z	55527580	902.3
2026-08-24T00:30:40Z	55557105	914.8
2026-08-24T00:30:40Z	55527580	902.3
2026-08-24T00:39:21Z	55557105	914.6
2026-08-24T00:39:21Z	55527580	897.8
2026-08-24T00:50:48Z	55557105	914.6
2026-08-24T00:50:48Z	55527580	897.8
2026-08-24T00:50:48Z	55557105	914.6
2026-08-24T00:50:48Z	55527580	897.8
2026-08-24T00:59:24Z	55557105	909.4
2026-08-24T00:59:24Z	55527580	893.7
2026-08-24T01:10:50Z	55557105	909.4
2026-08-24T01:10:50Z	55527580	893.7
2026-08-24T01:10:50Z	55557105	909.4
2026-08-24T01:10:50Z	55527580	893.7
2026-08-24T01:19:26Z	55527580	898.8
2026-08-24T01:30:52Z	55557105	912.7
2026-08-24T01:30:52Z	55527580	898.8
2026-08-24T01:30:52Z	55557105	912.7
2026-08-24T01:30:52Z	55527580	898.8
2026-08-24T01:39:28Z	55557105	912.7
2026-08-24T01:39:28Z	55527580	900.3
2026-08-24T01:50:55Z	55557105	914.4
2026-08-24T01:50:55Z	55527580	900.3
2026-08-24T01:50:55Z	55557105	914.4
2026-08-24T01:50:55Z	55527580	900.3
2026-08-24T01:59:30Z	55557105	914.4
2026-08-24T01:59:30Z	55527580	908.7
2026-08-24T02:10:58Z	55527580	908.7
2026-08-24T02:10:57Z	55527580	908.7
2026-08-24T02:19:31Z	55527580	907.1
2026-08-24T02:31:03Z	55557105	919.3
2026-08-24T02:31:03Z	55527580	901.0
2026-08-24T02:31:02Z	55557105	919.3
2026-08-24T02:31:02Z	55527580	901.0
2026-08-24T02:39:35Z	55557105	913.8
2026-08-24T02:39:35Z	55527580	901.0
2026-08-24T02:51:09Z	55557105	913.8
2026-08-24T02:51:09Z	55557105	913.8
2026-08-24T02:59:39Z	55557105	916.9
2026-08-24T03:11:13Z	55557105	921.4
2026-08-24T03:11:13Z	55527580	906.3
2026-08-24T03:11:14Z	55557105	921.4
2026-08-24T03:11:14Z	55527580	906.3
2026-08-24T03:19:43Z	55557105	921.4
2026-08-24T03:19:43Z	55527580	910.0
2026-08-24T03:31:19Z	55557105	921.9
2026-08-24T03:31:19Z	55527580	913.8
2026-08-24T03:31:19Z	55557105	921.9
2026-08-24T03:31:19Z	55527580	913.8
2026-08-24T03:39:47Z	55557105	921.9
2026-08-24T03:39:47Z	55527580	917.1
2026-08-24T03:51:25Z	55557105	918.0
2026-08-24T03:51:25Z	55527580	912.4
2026-08-24T03:51:25Z	55557105	918.0
2026-08-24T03:51:25Z	55527580	912.4
2026-08-24T03:59:52Z	55557105	918.0
2026-08-24T03:59:52Z	55527580	907.7
2026-08-24T04:11:30Z	55557105	911.6
2026-08-24T04:11:30Z	55527580	911.2
2026-08-24T04:11:30Z	55557105	911.6
2026-08-24T04:11:30Z	55527580	911.2
2026-08-24T04:19:57Z	55557105	911.6
2026-08-24T04:19:57Z	55527580	911.2
2026-08-24T04:31:37Z	55557105	914.8
2026-08-24T04:31:37Z	55527580	913.0
2026-08-24T04:31:37Z	55557105	914.8
2026-08-24T04:31:37Z	55527580	913.0
2026-08-27T01:33:12Z	55557105	912.6
2026-08-27T01:33:12Z	55527580	922.9
2026-08-27T01:44:53Z	55557105	907.0
2026-08-27T01:44:53Z	55527580	922.9
2026-08-27T01:44:53Z	55557105	907.0
2026-08-27T01:44:53Z	55527580	922.9
2026-08-27T01:53:16Z	55557105	907.0
2026-08-27T01:53:16Z	55527580	917.6
2026-08-27T02:40:50Z	55557105	908.8
2026-08-27T02:40:50Z	55527580	913.9
2026-08-27T02:40:50Z	55557105	908.8
2026-08-27T02:40:50Z	55527580	913.9
2026-08-27T02:49:13Z	55557105	904.6
2026-08-27T02:49:13Z	55527580	913.9
2026-08-27T03:00:53Z	55557105	904.6
2026-08-27T03:00:53Z	55527580	909.3
2026-08-27T03:00:53Z	55557105	904.6
2026-08-27T03:00:53Z	55527580	909.3
2026-08-27T03:09:15Z	55557105	908.2
2026-08-27T03:09:15Z	55527580	909.3
2026-08-27T03:20:55Z	55557105	911.5
2026-08-27T03:20:55Z	55527580	903.9
2026-08-27T03:20:55Z	55557105	911.5
2026-08-27T03:20:55Z	55527580	903.9
2026-08-27T03:29:17Z	55557105	911.5
2026-08-27T03:29:17Z	55527580	903.9
2026-08-27T03:40:58Z	55557105	905.0
2026-08-27T03:40:58Z	55527580	909.0
2026-08-27T03:40:58Z	55557105	905.0
2026-08-27T03:40:58Z	55527580	909.0
2026-08-27T03:49:19Z	55557105	905.0
2026-08-27T03:49:19Z	55527580	909.0
2026-08-27T04:01:00Z	55557105	913.1
2026-08-27T04:01:00Z	55527580	905.2
2026-08-27T04:01:00Z	55557105	913.1
2026-08-27T04:01:00Z	55527580	905.2
2026-08-27T04:09:22Z	55557105	913.1
2026-08-27T04:09:22Z	55527580	902.0
2026-08-27T04:21:01Z	55557105	916.4
2026-08-27T04:21:01Z	55527580	898.4
2026-08-27T04:21:03Z	55557105	916.4
2026-08-27T04:21:03Z	55527580	898.4
2026-08-27T04:29:24Z	55557105	924.9
2026-08-27T04:29:24Z	55527580	898.4
2026-08-27T04:41:03Z	55557105	924.9
2026-08-27T04:41:03Z	55527580	893.1
2026-08-27T04:41:05Z	55557105	924.9
2026-08-27T04:41:05Z	55527580	893.1
2026-08-27T04:49:27Z	55557105	928.2
2026-08-27T04:49:27Z	55527580	893.1
2026-08-27T05:01:07Z	55557105	928.2
2026-08-27T05:01:07Z	55527580	893.2
2026-08-27T05:01:06Z	55557105	928.2
2026-08-27T05:01:06Z	55527580	893.2
2026-08-27T05:09:29Z	55557105	932.9
2026-08-27T05:09:29Z	55527580	893.2
2026-08-27T05:21:09Z	55557105	936.8
2026-08-27T05:21:09Z	55527580	894.5
2026-08-27T05:21:09Z	55557105	936.8
2026-08-27T05:21:09Z	55527580	894.5
2026-08-27T05:29:32Z	55557105	936.8
2026-08-27T05:29:32Z	55527580	899.0
2026-08-27T05:41:11Z	55527580	899.0
2026-08-27T05:41:11Z	55527580	899.0
2026-08-27T05:49:34Z	55557105	947.2
2026-08-27T05:49:34Z	55527580	894.2
2026-08-27T06:01:16Z	55557105	947.2
2026-08-27T06:01:16Z	55557105	947.2
2026-08-27T06:01:16Z	55527580	897.4
2026-08-27T06:01:16Z	55527580	897.4
2026-08-27T06:09:37Z	55527580	897.4
2026-08-27T06:21:18Z	55557105	944.1
2026-08-27T06:21:18Z	55527580	892.1
2026-08-27T06:21:18Z	55557105	944.1
2026-08-27T06:21:18Z	55527580	892.1
2026-08-27T06:29:39Z	55557105	948.6
2026-08-27T06:29:39Z	55527580	892.1
2026-08-27T06:41:21Z	55557105	948.6
2026-08-27T06:41:21Z	55527580	887.8
2026-08-27T06:41:21Z	55557105	948.6
2026-08-27T06:41:21Z	55527580	887.8
2026-08-27T06:49:42Z	55557105	952.5
2026-08-27T06:49:42Z	55527580	883.0
2026-08-27T07:01:23Z	55557105	949.3
2026-08-27T07:01:23Z	55527580	883.0
2026-08-27T07:01:23Z	55557105	949.3
2026-08-27T07:01:23Z	55527580	883.0
2026-08-27T07:09:44Z	55557105	949.3
2026-08-27T07:09:44Z	55527580	892.5
2026-08-27T07:21:26Z	55557105	953.3
2026-08-27T07:21:26Z	55527580	892.5
2026-08-27T07:21:26Z	55557105	953.3
2026-08-27T07:21:26Z	55527580	892.5
2026-08-27T07:29:46Z	55557105	953.3
2026-08-27T07:29:46Z	55527580	896.4
2026-08-27T07:41:29Z	55557105	952.5
2026-08-27T07:41:29Z	55557105	952.5
2026-08-27T07:41:29Z	55527580	896.4
2026-08-27T07:41:29Z	55527580	896.4
2026-08-27T07:49:48Z	55557105	952.5
2026-08-27T07:49:48Z	55527580	886.9
2026-08-27T08:01:32Z	55557105	948.8
2026-08-27T08:01:32Z	55527580	886.9
2026-08-27T08:01:32Z	55557105	948.8
2026-08-27T08:01:32Z	55527580	886.9
2026-08-27T08:09:51Z	55557105	948.8
2026-08-27T08:21:35Z	55557105	948.4
2026-08-27T08:21:35Z	55527580	882.2
2026-08-27T08:21:34Z	55557105	948.4
2026-08-27T08:21:34Z	55527580	882.2
2026-08-27T08:29:53Z	55557105	944.0
2026-08-27T08:29:53Z	55527580	886.0
2026-08-27T08:41:37Z	55557105	944.0
2026-08-27T08:41:37Z	55527580	883.9
2026-08-27T08:41:37Z	55557105	944.0
2026-08-27T08:41:37Z	55527580	883.9
2026-08-27T08:49:56Z	55557105	944.1
2026-08-27T08:49:56Z	55527580	883.9
2026-08-27T09:01:40Z	55557105	944.1
2026-08-27T09:01:40Z	55557105	944.1
2026-08-27T09:01:40Z	55527580	889.1
2026-08-27T09:01:40Z	55527580	889.1
2026-08-27T09:10:00Z	55527580	889.1
2026-08-27T09:21:43Z	55557105	938.3
2026-08-27T09:21:43Z	55527580	884.5
2026-08-27T09:21:43Z	55557105	938.3
2026-08-27T09:21:43Z	55527580	884.5
2026-08-27T09:30:04Z	55557105	938.3
2026-08-27T09:30:04Z	55527580	884.5
2026-08-27T09:41:46Z	55557105	941.5
2026-08-27T09:41:46Z	55527580	888.6
2026-08-27T09:41:45Z	55557105	941.5
2026-08-27T09:41:45Z	55527580	888.6
2026-08-27T09:50:07Z	55557105	941.5
2026-08-27T09:50:07Z	55527580	888.6
2026-08-27T10:01:50Z	55557105	937.1
2026-08-27T10:01:50Z	55527580	880.1
2026-08-27T10:01:50Z	55557105	937.1
2026-08-27T10:01:50Z	55527580	880.1
2026-08-27T10:10:09Z	55557105	937.1
2026-08-27T10:10:09Z	55527580	880.1
2026-08-27T10:21:52Z	55557105	941.8
2026-08-27T10:21:52Z	55557105	941.8
2026-08-27T10:30:11Z	55557105	941.8
2026-08-27T10:30:11Z	55527580	876.0
2026-08-27T10:41:55Z	55557105	938.2
2026-08-27T10:41:55Z	55527580	876.0
2026-08-27T10:41:55Z	55557105	938.2
2026-08-27T10:41:55Z	55527580	876.0
2026-08-27T10:50:13Z	55557105	938.2
2026-08-27T10:50:13Z	55527580	875.7
2026-08-27T11:01:58Z	55557105	941.9
2026-08-27T11:01:58Z	55527580	871.1
2026-08-27T11:01:58Z	55557105	941.9
2026-08-27T11:01:58Z	55527580	871.1
2026-08-27T11:10:17Z	55557105	941.9
2026-08-27T11:10:17Z	55527580	876.7
2026-08-27T11:22:01Z	55557105	936.5
2026-08-27T11:22:01Z	55527580	876.7
2026-08-27T11:22:01Z	55557105	936.5
2026-08-27T11:22:01Z	55527580	876.7
2026-08-27T11:30:19Z	55557105	925.0
2026-08-27T11:30:19Z	55527580	872.3
2026-08-28T11:28:13Z	55557105	897.3
2026-08-28T11:28:13Z	55527580	929.4
2026-08-28T11:40:15Z	55557105	893.5
2026-08-28T11:40:15Z	55527580	924.7
2026-08-28T11:40:15Z	55557105	893.5
2026-08-28T11:40:15Z	55527580	924.7
2026-08-28T11:48:20Z	55557105	897.9
2026-08-28T11:48:20Z	55527580	924.7
2026-08-28T12:00:19Z	55557105	894.5
2026-08-28T12:00:19Z	55527580	921.3
2026-08-28T12:00:19Z	55557105	894.5
2026-08-28T12:00:19Z	55527580	921.3
2026-08-28T12:08:22Z	55557105	894.5
2026-08-28T12:08:22Z	55527580	921.3
2026-08-28T12:20:21Z	55557105	897.6
2026-08-28T12:20:21Z	55527580	924.6
2026-08-28T12:20:21Z	55557105	897.6
2026-08-28T12:20:21Z	55527580	924.6
2026-08-28T12:28:24Z	55557105	897.6
2026-08-28T12:28:24Z	55527580	924.6
2026-08-28T12:40:24Z	55557105	894.7
2026-08-28T12:40:24Z	55527580	928.1
2026-08-28T12:40:24Z	55557105	894.7
2026-08-28T12:40:24Z	55527580	928.1
2026-08-28T12:48:27Z	55557105	900.9
2026-08-28T12:48:27Z	55527580	923.9
2026-08-29T21:53:26Z	55557105	909.7
2026-08-29T21:53:26Z	55527580	904.1
2026-08-29T21:53:25Z	55557105	909.7
2026-08-29T21:53:25Z	55527580	904.1
2026-08-29T22:01:27Z	55557105	904.1
2026-08-29T22:01:27Z	55527580	900.5
2026-08-29T22:13:29Z	55557105	904.1
2026-08-29T22:13:29Z	55527580	904.0
2026-08-29T22:13:30Z	55557105	904.1
2026-08-29T22:13:30Z	55527580	904.0
2026-08-29T22:21:29Z	55557105	905.5
2026-08-29T22:21:29Z	55527580	908.8
2026-08-29T22:33:32Z	55557105	901.0
2026-08-29T22:33:32Z	55527580	908.8
2026-08-29T22:33:32Z	55557105	901.0
2026-08-29T22:33:32Z	55527580	908.8
2026-08-29T22:41:31Z	55557105	901.0
2026-08-29T22:41:31Z	55527580	910.2
2026-08-30T00:56:24Z	55557105	894.4
2026-08-30T00:56:24Z	55527580	910.9
2026-08-30T00:56:24Z	55557105	894.4
2026-08-30T00:56:24Z	55527580	910.9
2026-08-30T01:04:22Z	55557105	889.7
2026-08-30T01:04:22Z	55527580	911.0
2026-08-30T01:16:28Z	55557105	889.7
2026-08-30T01:16:28Z	55527580	911.0
2026-08-30T01:16:28Z	55557105	889.7
2026-08-30T01:16:28Z	55527580	911.0
2026-08-30T01:24:24Z	55527580	906.8
2026-08-30T01:36:32Z	55527580	906.8
2026-08-30T01:36:32Z	55527580	906.8
2026-08-30T01:44:29Z	55557105	898.6
2026-08-30T01:44:29Z	55527580	905.5
2026-08-30T01:56:34Z	55557105	898.6
2026-08-30T01:56:34Z	55527580	905.5
2026-08-30T01:56:34Z	55557105	898.6
2026-08-30T01:56:34Z	55527580	905.5
2026-08-30T02:04:31Z	55557105	902.6
2026-08-30T02:04:31Z	55527580	908.2
2026-08-30T02:16:39Z	55557105	902.6
2026-08-30T02:16:39Z	55527580	903.6
2026-08-30T02:16:40Z	55557105	902.6
2026-08-30T02:16:40Z	55527580	903.6
2026-08-30T02:24:33Z	55557105	906.1
2026-08-30T02:24:33Z	55527580	899.1
2026-08-30T02:36:41Z	55557105	906.1
2026-08-30T02:36:41Z	55527580	895.5
2026-08-30T02:36:42Z	55557105	906.1
2026-08-30T02:36:42Z	55527580	895.5
2026-08-30T02:44:36Z	55557105	905.3
2026-08-30T02:44:36Z	55527580	899.7
2026-08-30T02:56:43Z	55557105	901.2
2026-08-30T02:56:43Z	55527580	899.7
2026-08-30T02:56:45Z	55557105	901.2
2026-08-30T02:56:45Z	55527580	899.7
2026-08-30T03:04:38Z	55557105	897.6
2026-08-30T03:16:46Z	55557105	897.6
2026-08-30T03:16:46Z	55527580	893.4
2026-08-30T03:16:47Z	55557105	897.6
2026-08-30T03:16:47Z	55527580	893.4
2026-08-30T03:24:41Z	55557105	893.8
2026-08-30T03:24:41Z	55527580	893.4
2026-08-30T03:36:48Z	55557105	899.6
2026-08-30T03:36:48Z	55527580	892.7
2026-08-30T03:36:49Z	55557105	899.6
2026-08-30T03:36:49Z	55527580	892.7
2026-08-30T03:44:42Z	55557105	895.0
2026-08-30T03:44:42Z	55527580	892.7
2026-08-30T05:22:34Z	55557105	900.0
2026-08-30T05:22:34Z	55527580	891.3
2026-08-30T05:22:33Z	55557105	900.0
2026-08-30T05:22:33Z	55527580	891.3
2026-08-30T05:30:25Z	55557105	908.2
2026-08-30T05:30:25Z	55527580	891.3
2026-08-30T05:42:36Z	55557105	908.2
2026-08-30T05:42:36Z	55527580	895.3
2026-08-30T05:42:36Z	55557105	908.2
2026-08-30T05:42:36Z	55527580	895.3
2026-08-30T05:54:45Z	55557105	916.1
2026-08-30T05:54:45Z	55527580	895.3
2026-08-30T06:06:56Z	55557105	916.1
2026-08-30T06:06:56Z	55557105	916.1
2026-08-30T06:06:56Z	55527580	898.9
2026-08-30T06:06:56Z	55527580	898.9
2026-08-30T06:14:49Z	55557105	918.9
2026-08-30T06:14:49Z	55527580	898.9
2026-08-30T06:26:58Z	55557105	918.9
2026-08-30T06:26:58Z	55527580	899.5
2026-08-30T06:26:58Z	55557105	918.9
2026-08-30T06:26:58Z	55527580	899.5
2026-08-30T06:34:51Z	55557105	914.2
2026-08-30T06:34:51Z	55527580	904.2
2026-08-30T06:47:00Z	55557105	914.2
2026-08-30T06:47:00Z	55527580	904.2
2026-08-30T06:47:00Z	55557105	914.2
2026-08-30T06:47:00Z	55527580	904.2
2026-08-30T06:54:52Z	55557105	915.4
2026-08-30T06:54:52Z	55527580	909.2
2026-08-30T07:07:02Z	55557105	915.4
2026-08-30T07:07:02Z	55527580	909.2
2026-08-30T07:07:03Z	55557105	915.4
2026-08-30T07:07:03Z	55527580	909.2
2026-08-30T07:14:54Z	55527580	898.4
2026-08-30T07:27:04Z	55557105	911.8
2026-08-30T07:27:04Z	55527580	898.4
2026-08-30T07:27:05Z	55557105	911.8
2026-08-30T07:27:05Z	55527580	898.4
2026-08-30T07:34:56Z	55557105	911.8
2026-08-30T07:34:56Z	55527580	893.4
2026-08-30T08:14:29Z	55557105	919.6
2026-08-30T08:14:29Z	55527580	903.2
2026-08-30T08:14:29Z	55557105	919.6
2026-08-30T08:14:29Z	55527580	903.2
2026-08-30T08:22:21Z	55557105	923.4
2026-08-30T08:22:21Z	55527580	906.5
2026-08-30T08:34:31Z	55557105	923.4
2026-08-30T08:34:31Z	55527580	902.2
2026-08-30T08:34:31Z	55557105	923.4
2026-08-30T08:34:31Z	55527580	902.2
2026-08-30T08:42:23Z	55557105	927.1
2026-08-30T08:42:23Z	55527580	902.2
2026-08-30T08:54:33Z	55557105	927.1
2026-08-30T08:54:33Z	55527580	905.9
2026-08-30T08:54:34Z	55557105	927.1
2026-08-30T08:54:34Z	55527580	905.9
2026-08-30T12:07:24Z	55557105	920.8
2026-08-30T12:07:24Z	55527580	929.3
2026-08-30T12:19:35Z	55557105	926.1
2026-08-30T12:19:35Z	55527580	929.3
2026-08-30T12:19:35Z	55557105	926.1
2026-08-30T12:19:35Z	55527580	929.3
2026-08-30T12:27:31Z	55557105	926.1
2026-08-30T12:27:31Z	55527580	934.8
2026-08-30T12:39:39Z	55557105	930.0
2026-08-30T12:39:39Z	55527580	930.4
2026-08-30T12:39:40Z	55557105	930.0
2026-08-30T12:39:40Z	55527580	930.4
2026-08-30T12:47:33Z	55557105	924.5
2026-08-30T12:47:33Z	55527580	930.4
2026-08-30T12:59:41Z	55557105	924.5
2026-08-30T12:59:41Z	55527580	933.7
2026-08-30T12:59:43Z	55557105	924.5
2026-08-30T12:59:43Z	55527580	933.7
2026-08-30T13:07:35Z	55527580	933.7
2026-08-30T13:19:43Z	55557105	923.5
2026-08-30T13:19:43Z	55527580	924.8
2026-08-30T13:19:44Z	55557105	923.5
2026-08-30T13:19:44Z	55527580	924.8
2026-08-30T13:27:37Z	55557105	923.5
2026-08-30T13:27:37Z	55527580	924.8
2026-08-30T13:39:44Z	55557105	918.8
2026-08-30T13:39:44Z	55527580	919.9
2026-08-30T13:39:46Z	55557105	918.8
2026-08-30T13:39:46Z	55527580	919.9
2026-08-30T13:47:41Z	55557105	918.8
2026-08-30T13:47:41Z	55527580	919.9
2026-08-30T13:59:48Z	55557105	910.4
2026-08-30T13:59:48Z	55527580	914.8
2026-08-30T13:59:50Z	55557105	910.4
2026-08-30T13:59:50Z	55527580	914.8
2026-08-30T14:07:43Z	55557105	910.4
2026-08-30T14:07:43Z	55527580	905.6
2026-08-30T14:19:50Z	55557105	906.4
2026-08-30T14:19:50Z	55527580	905.6
2026-08-30T14:19:52Z	55557105	906.4
2026-08-30T14:19:52Z	55527580	905.6
2026-08-30T14:27:45Z	55557105	910.5
2026-08-30T14:27:45Z	55527580	909.7
2026-08-30T14:39:52Z	55557105	910.5
2026-08-30T14:39:52Z	55527580	909.7
2026-08-30T14:39:54Z	55557105	910.5
2026-08-30T14:39:54Z	55527580	909.7
2026-08-30T22:43:42Z	55557105	910.7
2026-08-30T22:43:42Z	55527580	921.6
2026-08-30T22:55:48Z	55557105	910.7
2026-08-30T22:55:48Z	55527580	921.6
2026-08-30T22:55:50Z	55557105	910.7
2026-08-30T22:55:50Z	55527580	921.6
2026-08-30T23:03:45Z	55557105	911.6
2026-08-30T23:03:45Z	55527580	917.6
2026-08-30T23:15:50Z	55557105	911.6
2026-08-30T23:15:50Z	55527580	917.6
2026-08-30T23:15:52Z	55557105	911.6
2026-08-30T23:15:52Z	55527580	917.6
2026-08-30T23:23:48Z	55527580	917.7
2026-08-31T00:58:53Z	55557105	927.3
2026-08-31T00:58:53Z	55527580	932.6
2026-08-31T00:58:54Z	55557105	927.3
2026-08-31T00:58:54Z	55527580	932.6
2026-08-31T01:06:51Z	55557105	931.6
2026-08-31T01:06:51Z	55527580	935.6
2026-08-31T01:18:56Z	55557105	929.8
2026-08-31T01:18:56Z	55527580	935.6
2026-08-31T01:18:56Z	55557105	929.8
2026-08-31T01:18:56Z	55527580	935.6
2026-08-31T01:26:52Z	55557105	929.8
2026-08-31T01:38:59Z	55557105	930.1
2026-08-31T01:38:59Z	55527580	938.8
2026-08-31T01:38:59Z	55557105	930.1
2026-08-31T01:38:59Z	55527580	938.8
2026-08-31T01:46:54Z	55557105	930.1
2026-08-31T01:46:54Z	55527580	933.2
2026-08-31T01:59:01Z	55527580	933.2
2026-08-31T01:59:01Z	55527580	933.2
2026-08-31T02:06:56Z	55527580	938.3
2026-08-31T02:19:03Z	55557105	932.5
2026-08-31T02:19:03Z	55527580	930.2
2026-08-31T02:19:04Z	55557105	932.5
2026-08-31T02:19:04Z	55527580	930.2
2026-08-31T02:26:59Z	55557105	932.5
2026-08-31T02:26:59Z	55527580	930.2
2026-08-31T02:39:06Z	55557105	928.9
2026-08-31T02:39:06Z	55527580	934.3
2026-08-31T02:39:07Z	55557105	928.9
2026-08-31T02:39:07Z	55527580	934.3
2026-08-31T02:47:02Z	55557105	938.0
2026-08-31T02:47:02Z	55527580	934.3
2026-08-31T02:59:08Z	55557105	938.0
2026-08-31T02:59:08Z	55527580	929.6
2026-08-31T02:59:09Z	55557105	938.0
2026-08-31T02:59:09Z	55527580	929.6
2026-08-31T03:07:04Z	55557105	932.7
2026-08-31T03:07:04Z	55527580	929.6
2026-08-31T03:19:10Z	55557105	932.7
2026-08-31T03:19:10Z	55527580	925.5
2026-08-31T03:19:11Z	55557105	932.7
2026-08-31T03:19:11Z	55527580	925.5
2026-08-31T03:27:05Z	55557105	928.5
2026-08-31T03:27:05Z	55527580	916.3
2026-08-31T03:39:13Z	55557105	932.9
2026-08-31T03:39:13Z	55527580	916.3
2026-08-31T03:39:13Z	55557105	932.9
2026-08-31T03:39:13Z	55527580	916.3
2026-08-31T03:47:08Z	55557105	932.9
2026-08-31T03:47:08Z	55527580	912.5
2026-08-31T03:59:15Z	55557105	937.2
2026-08-31T03:59:15Z	55527580	909.5
2026-08-31T03:59:15Z	55557105	937.2
2026-08-31T03:59:15Z	55527580	909.5
2026-08-31T04:07:09Z	55557105	937.2
2026-08-31T04:07:09Z	55527580	902.9
2026-08-31T04:19:17Z	55557105	944.2
2026-08-31T04:19:17Z	55527580	902.9
2026-08-31T04:19:17Z	55557105	944.2
2026-08-31T04:19:17Z	55527580	902.9
2026-08-31T04:27:12Z	55557105	944.2
2026-08-31T04:27:12Z	55527580	898.9
2026-08-31T04:39:19Z	55557105	948.0
2026-08-31T04:39:19Z	55527580	907.6
2026-08-31T04:39:19Z	55557105	948.0
2026-08-31T04:39:19Z	55527580	907.6
2026-08-31T04:47:13Z	55557105	948.0
2026-08-31T04:47:13Z	55527580	907.6
2026-08-31T04:59:21Z	55557105	944.0
2026-08-31T04:59:21Z	55557105	944.0
2026-08-31T04:59:21Z	55527580	911.5
2026-08-31T04:59:21Z	55527580	911.5
2026-08-31T05:07:16Z	55557105	944.0
2026-08-31T05:07:16Z	55527580	911.5
2026-08-31T05:19:24Z	55557105	953.6
2026-08-31T05:19:24Z	55527580	907.1
2026-08-31T05:19:24Z	55557105	953.6
2026-08-31T05:19:24Z	55527580	907.1
2026-08-31T05:27:17Z	55557105	953.6
2026-08-31T05:27:17Z	55527580	907.1
2026-08-31T05:39:26Z	55557105	949.4
2026-08-31T05:39:26Z	55527580	908.0
2026-08-31T05:39:26Z	55557105	949.4
2026-08-31T05:39:26Z	55527580	908.0
2026-08-31T05:47:19Z	55557105	949.4
2026-08-31T05:47:19Z	55527580	908.0
2026-08-31T05:59:28Z	55557105	958.3
2026-08-31T05:59:28Z	55527580	912.3
2026-08-31T05:59:28Z	55557105	958.3
2026-08-31T05:59:28Z	55527580	912.3
2026-08-31T06:07:21Z	55557105	958.3
2026-08-31T06:07:21Z	55527580	912.3
2026-08-31T06:19:30Z	55557105	952.5
2026-08-31T06:19:30Z	55527580	921.7
2026-08-31T06:19:30Z	55557105	952.5
2026-08-31T06:19:30Z	55527580	921.7
2026-08-31T06:27:23Z	55557105	949.4
2026-08-31T06:27:23Z	55527580	921.7
2026-08-31T06:39:31Z	55557105	944.3
2026-08-31T06:39:32Z	55557105	944.3
2026-08-31T06:39:31Z	55527580	925.3
2026-08-31T06:39:32Z	55527580	925.3
2026-08-31T06:47:25Z	55557105	944.3
2026-08-31T06:47:25Z	55527580	925.3
2026-08-31T06:59:34Z	55527580	919.8
2026-08-31T06:59:34Z	55527580	919.8
2026-08-31T07:07:28Z	55527580	924.5
2026-08-31T07:19:37Z	55557105	938.7
2026-08-31T07:19:37Z	55527580	924.5
2026-08-31T07:19:37Z	55557105	938.7
2026-08-31T07:19:37Z	55527580	924.5
2026-08-31T07:27:29Z	55557105	938.7
2026-08-31T07:27:29Z	55527580	934.0
2026-08-31T07:39:39Z	55557105	946.0
2026-08-31T07:39:39Z	55557105	946.0
2026-08-31T07:39:39Z	55527580	934.0
2026-08-31T07:39:39Z	55527580	934.0
2026-08-31T07:47:31Z	55557105	946.0
2026-08-31T07:59:42Z	55557105	945.9
2026-08-31T07:59:42Z	55557105	945.9
2026-08-31T07:59:42Z	55527580	929.9
2026-08-31T07:59:42Z	55527580	929.9
2026-08-31T08:07:33Z	55557105	945.9
2026-08-31T08:07:33Z	55527580	929.9
2026-08-31T08:19:44Z	55527580	924.8
2026-08-31T08:19:44Z	55527580	924.8
2026-08-31T08:27:35Z	55557105	949.4
2026-08-31T08:27:35Z	55527580	924.8
2026-08-31T08:39:45Z	55557105	949.4
2026-08-31T08:39:45Z	55527580	920.8
2026-08-31T08:39:45Z	55557105	949.4
2026-08-31T08:39:45Z	55527580	920.8
2026-08-31T08:47:37Z	55557105	944.4
2026-08-31T08:47:37Z	55527580	920.8
2026-08-31T08:59:48Z	55557105	944.4
2026-08-31T08:59:48Z	55527580	914.6
2026-08-31T08:59:48Z	55557105	944.4
2026-08-31T08:59:48Z	55527580	914.6
2026-08-31T09:07:39Z	55527580	914.6
2026-08-31T09:19:50Z	55557105	948.1
2026-08-31T09:19:50Z	55527580	910.5
2026-08-31T09:19:50Z	55557105	948.1
2026-08-31T09:19:50Z	55527580	910.5
2026-08-31T09:27:41Z	55557105	938.9
2026-08-31T09:27:41Z	55527580	905.3
2026-08-31T09:39:52Z	55557105	938.9
2026-08-31T09:39:52Z	55527580	908.5
2026-08-31T09:39:51Z	55557105	938.9
2026-08-31T09:39:51Z	55527580	908.5
2026-08-31T09:47:43Z	55557105	936.1
2026-08-31T09:47:43Z	55527580	908.5
2026-08-31T09:59:54Z	55557105	936.1
2026-08-31T09:59:54Z	55527580	907.8
2026-08-31T09:59:54Z	55557105	936.1
2026-08-31T09:59:54Z	55527580	907.8
2026-08-31T10:07:46Z	55557105	928.8
2026-08-31T10:07:46Z	55527580	916.2
